Fund Name,P1,P2,P3,P4,P5,Topsis Score,Rank
M1,0.74,0.55,3.1,64.7,17.27,0.2114084395736754,7
M2,0.66,0.44,4.3,60.0,16.35,0.20521759990369545,8
M3,0.62,0.38,3.9,46.1,12.75,0.36560618283735696,6
M4,0.83,0.69,4.9,33.0,9.86,0.7530142336663949,4
M5,0.75,0.56,5.6,40.8,11.93,0.6406710253024382,5
M6,0.87,0.76,6.6,38.8,11.76,0.8591321418887359,2
M7,0.88,0.77,6.5,36.5,11.16,0.9039348099720625,1
M8,0.78,0.61,6.7,35.9,11.0,0.7828065286158831,3
